Feature1,Feature2,Feature3,Feature4,Feature5,Feature6,Feature7,Feature8,Target
1.2125757202254097,1.2653077859714283,-1.3261390741923238,0.8540486981982902,-0.8332103183888893,1.9221983351126564,0.286800457554764,-1.1100035718859267,1
-0.8199893799484929,-1.4033695964124462,2.073606465677991,2.143060702440202,0.31112386677895476,-0.4934939164241121,-1.1522991254308035,0.2908528001767071,1
-0.38563341657286304,-0.04406655060279152,0.746622721618545,0.29616250697009394,2.100648412558316,-1.2299761389189872,1.903350538267359,1.3798386997400571,1
-1.8036287498512842,2.2714563377108723,0.5498014497031014,2.068164327201714,-0.31387789816883854,-0.6582921500433602,-0.3708553168878028,-1.81203890112962,0
2.6919109424767993,-2.2093861049039223,-2.364481247579457,1.755742159108426,2.1183164698008734,-1.3108852141436151,0.13736903216075524,-0.9809871983289186,0
0.9896113871278426,-1.2837187996230823,-0.4951277080860883,-0.3052250035238693,2.4954854604598777,-1.4453502193860333,1.8121996784562646,-1.3723746002994057,0
1.151687432799837,1.7827452952222393,-1.0474384837305155,0.25487402610161225,1.441466643979954,1.0874459548324502,3.1883116991232625,-0.2247456205149846,1
-1.375919411489756,1.2460396920003145,1.592106584934561,0.44889796958677264,-1.1362007013040756,1.0901833163084798,-0.26807820365244095,-0.2731223524069119,1
2.372706225783464,-2.337053476540248,0.2689162733590096,1.9745129050295414,2.7500333420943472,0.5071023728130963,2.0601967829652663,-0.9626870321079533,0
1.2590730687845937,-0.6188060619343692,-2.7716748859365277,0.8550672555831234,1.0358498625084374,-2.1498536332564138,-0.7072358710849969,-2.1643098678478396,0
-1.5251970670408623,-1.5871935640328632,1.9995628580049585,0.9198485474908612,0.9233215006602588,-2.1457288638869088,-1.0149896437783799,0.4287906399387243,0
1.3330738182648485,-0.3737752776538569,-2.098587363445419,0.2888597961257323,3.0961620815436706,-2.400425236130994,2.1475920810526143,-1.2793704958528451,0
-0.10654472063782502,0.13992687500675438,1.3953856901352146,3.8624051950107376,0.04357534934272326,1.0827331005873024,-0.4602927251016723,-0.7145470084708703,1
-2.520972897639774,3.3000355742148626,0.6512902028762334,-0.5381399161723419,0.5623026034719816,-1.307075712640457,1.7587124686785152,-0.6873843120907001,1
-0.5651722921985398,-1.0925367030516682,1.193725432515305,0.10516143992438565,-0.14670221755887222,-0.33632629848296736,-0.8649641599343931,-0.6508327256299632,0
-1.5638513161514098,1.3285550618077682,0.6084817028264871,1.3430357467557092,-3.021338925020936,0.9161646685330236,-3.1234246254231492,-3.324755719911096,1
0.4324216213685556,2.105762177312119,-3.52993209167231,-2.3550174290012365,-1.210336189215149,-0.607055044179723,-0.3403879726006489,0.3509425048957069,1
0.4825570515125873,-2.437293624733636,1.4678490286263481,0.35696072499371023,0.6542354032033308,0.14786318900341766,-0.26148388191309824,-0.1085929707124442,0
-0.9131433146253294,-0.12343197472758849,1.4329489333581678,0.9982925850835328,1.591692711474979,-1.1341471431699262,1.0749324409434182,0.7991788199053993,0
-2.659588830958479,2.563971047008013,-0.10575155467150998,-2.2510592439154355,-4.976909937135784,0.8281028245599734,-3.9220173104930836,0.5418420893363174,1
1.9791476579181702,-2.4962748043455774,-0.10584039790698174,-1.8249116008993074,4.545167123791612,-1.4877040951381995,4.383948821247323,1.1083376866371504,0
2.7027525008113975,-1.1567231705153957,-1.4191419516394588,2.2509131885460416,3.742134809739221,-0.5895211442742774,3.046996877158595,-0.05519823428737651,0
1.7397955371933338,0.18024320066443345,-1.03623460466232,-0.3802124761160194,2.5795046359817513,0.20891406762305098,3.5835905774240913,-0.10622149384201134,1
-1.9829460824389833,1.0738110623277095,2.0785865355583226,0.2013897759776968,-1.3333538298463423,0.6524834000314761,-0.7446426629182608,0.2214916232783944,1
-0.616750699855607,-0.3315068576224598,-0.4066078075787778,0.8411922076664631,-2.533698956667011,-0.12534322427763356,-3.801444830205985,-0.23091025368155538,1
1.6980533858058426,-2.4606101337465387,-1.988771657431298,0.7355038169474297,1.4322303951494302,-2.1745061899425604,-1.00046797934395,-1.0883194870290538,0
0.9049047271627042,-0.19366716954119068,-0.8579486905148118,0.6285620563240992,2.6527745366820783,-1.3634295801272434,2.2420331741840744,-1.8847863590162737,0
0.022757128427389486,-1.3367482862498874,0.4846869663248503,-1.571104465754009,1.6965622018743982,-1.3712271084367353,1.3002548490874757,1.2613181018500463,1
-1.3547297249673658,-0.8634984051092727,0.42849636685575665,-1.7581012305631432,0.8392356499859546,-2.76066645402345,-0.33295278330257405,-0.6793845698063502,1
0.4884659100066258,-0.3082540209674769,0.6487896558897763,1.8097746730316697,2.282175867035419,-0.35276985642342173,2.005037202566343,0.5967827796749764,0
-0.714232110037989,1.3723574271634718,-0.19500298583167308,1.7183272406332377,-2.8582814837169943,1.3222418882053553,-2.835449247873651,0.3803814482163112,1
1.6368416061315334,-2.509905755478562,0.19414748936698767,-0.9133931824956396,3.8942059945684453,-1.3879538238921003,3.3096913828022836,-0.33263731835095905,0
0.20841031064604856,-0.862814535369326,0.542728019014689,-1.2449256486435092,1.1173013977583872,-0.31482181281920507,1.297456534886029,-1.5613523357772998,0
-0.7294620815814294,0.676494641297053,-0.15813010469969901,-0.9093513890154743,-2.4371145494700577,0.7839204223957846,-2.0476120266858673,1.6411595390915734,1
-0.4207254952728748,1.191654552335053,0.43340169380695803,-1.0177511639204342,-0.9999338312191718,1.3865596131709987,0.47679135805189854,0.4683155849391383,1
0.3231358952991886,1.7283479170564853,-1.1845772247051531,0.3687108768215194,-1.9757738788629087,1.7439337702507676,-0.8900943781007076,-0.19084131864335074,1
-0.7515659623817844,1.4359242923760245,-0.9608431135699744,-0.9434841111416521,0.07295486551105027,-1.1846929464626113,0.33998322538885006,0.3443557692879563,1
0.7623548524317578,-1.1965166304541541,-0.9119157745061985,-0.749103800625919,2.904917395578775,-2.4297978726193916,1.9236081009956685,-1.154694742632866,0
-1.295637933442354,1.4142071390303432,0.6298971863798494,-0.5560812241958288,1.6086185386952336,-1.3840489083557468,2.1602600223948034,-0.3411079025487173,0
0.7879027620853113,0.8019697648183861,-1.608585968295686,-1.554503305386945,0.7196040200223315,-0.20807370858506846,1.6069246949572311,-1.0195062023841872,1
-0.6682448559172012,-0.7684817474058525,1.980884568590859,2.12848360565854,-0.007895212863636612,0.3229797118666311,-0.7791040861934131,0.7813622223625104,1
0.5494702915386861,-1.231815509702812,1.2123160653458362,0.4957343599870999,3.270215332985004,-0.8400225817357881,3.03074659584863,1.199638079185914,0
1.6944596518459893,1.5863931268355151,-3.2334746964680487,1.7724215578465672,1.3806891329614415,-0.6347987586398575,1.3396747015459787,1.0383776547651489,0
-2.992777226402217,3.032314104169937,1.140330185183588,0.39917287224302855,-0.10093048387927606,-1.392672408751766,0.441911138586215,0.12536531576516902,0
1.9805263427724837,-0.670551269654964,-0.11306833229235935,0.3040467250482439,3.4112825658303527,0.38670231198657645,4.179031285472517,-0.4759886023863676,1
-0.6531708817297919,3.651209804072363,-3.7630039350473448,-2.2859006301228995,-2.040348917788803,-0.9707772032596524,-0.9207301766837284,-0.3770441691342582,1
0.22968742829098884,0.29576779743966597,-1.0532338055509785,0.19431307694587707,0.05212765100504879,-0.6032742793395292,-0.28332311719109304,0.4333886157338947,0
-3.351500818641802,4.136306526956577,1.2241068307718077,1.5011108254526846,-0.7594561545791266,-0.7505410952042704,0.13263904284243955,-0.8112571191371925,0
0.7848133349690614,0.05022510588491946,0.2634986712120675,-0.5994485194273338,1.7244092043871189,0.5396525946322723,2.7790348065668278,0.4616662947113632,0
1.704264399334186,2.1997570422158033,-3.3750432654454845,-2.121786830419948,-0.7029800668599452,1.352900024987858,1.4412395228457284,-1.7645959092770471,1
-3.061325114245929,-0.45893664577965687,4.351505873568566,2.1247026419347703,0.004671999115150894,-0.78312784196793,-1.1057985233676773,0.3320652491644065,1
1.113945742745155,-1.391588346065316,1.5037799323075234,0.31702800542116116,3.193002983301361,0.34374398271767626,3.6322428131802855,-0.06466752999039241,1
1.525062749051627,-3.146026919927011,-1.0717706734335004,-0.461912858975966,3.6661137055541886,-3.2989235644413273,1.3489425993428774,-0.09711820107514263,1
-0.16960907281367682,0.6333182920577639,0.05516481190978806,-0.26973032700935506,1.035808224495879,-0.399143858760443,1.4944514007686995,0.3409526902216264,1
-2.1636302289433997,0.3625828517969826,2.0818084371231116,0.4991103715354056,-1.5576622745779714,-0.03782472482289467,-1.8805610544823117,-0.4628156863395111,1
-3.0566506106656783,3.998698371508666,1.12346469251335,1.060880301986574,-0.36094108433679173,-0.6992619994423125,0.7520819044989593,0.4997664384960225,0
1.7792897589856305,-0.5184650754179871,-0.8158170616014251,1.6131862168648452,2.261415055063891,0.0367169049037408,2.0757855755710097,-0.5186079790302947,0
0.712029791034944,-0.7494680641408916,-0.5119056181424726,0.49929416312064934,1.3129469603467685,-0.8323105777956868,0.6343510676504145,-0.4871580226457061,0
-0.21077267319474516,-1.405733173106071,1.0080960445847431,0.7617853675039925,1.8194810553168066,-1.5134359705490215,0.5828501723695158,-0.4600762541334986,0
-1.2122656368570992,2.7297362915975443,-1.9964333787577977,-2.044059938797317,-1.441347906388796,-1.0435759960164324,-0.5986660602665865,0.031075966875013874,1
2.532466909877876,-1.0389417379307686,-0.791561697161516,2.276461313384797,2.629171440675039,0.6155009021696376,2.415968753688509,-0.46843384828036677,0
0.8822635479489316,-1.0752495240814073,0.8960420352975793,0.9428272270649667,2.120061520779662,0.17612552709255902,2.0526321838939445,0.4848786815321318,0
-0.9254691774817623,2.973181164788766,-0.9906292780889218,-0.9547368152259379,-0.33934376983351394,-0.11208502857219893,1.1789061855886316,-0.37366207826417036,1
2.1093650947520595,-1.4568762346007376,-1.7634155316537616,1.4964300676047233,2.8975119142637853,-1.538540203220684,1.4931046357225122,0.8160068487744233,0
-1.6985328928265162,1.2052166000914932,-1.4817848277896646,-1.372807044089123,0.2969099669956418,-3.567333154298934,-0.774000222106574,0.34438421737853486,1
0.07206946566588966,0.3092223576875197,-1.209508318179903,-0.4031205549538859,1.6341636362038634,-1.988479610245871,1.1333088509729112,0.056336286812120925,0
-0.2917876089154672,0.530064282442462,0.403831909244162,1.825629104611067,1.1104117721496694,-0.5230929093274661,0.7784210923630706,0.5387981587692622,0
-1.7231891876222052,-0.2081040794877218,1.980539720058721,-0.08507181085824334,2.0875587370718924,-2.14733605414584,1.4804534939200211,-0.08560808947124605,1
1.437019344429304,0.11444492920534,-0.29966184514126737,1.945393089794817,3.2386302982985002,-0.15759262548912933,3.441428692617649,-1.416433628196194,0
-1.3589587977036561,0.5667893574253975,1.4052745885186235,0.2939692457665146,1.570758468775403,-1.312576104562725,1.5110042484658,-1.201303349767834,0
-2.4792231560197044,1.3337366314746668,1.7784730678017313,-0.4361739145358021,1.1063451989815651,-1.8099554603783612,1.261850180563862,1.3349032478434442,0
0.11911694973898176,0.7484164523463421,-1.3132775132276957,-1.2768395376550705,0.9031199872439762,-1.1577171434002675,1.1834291043440333,0.48444660527893796,1
0.07652632668552307,-1.3574001495058465,1.9452024635303329,-0.6112005975918371,2.8429724593137453,-0.5359422133969273,3.0264068061348395,-1.5205413173698987,0
-2.2070083331960286,1.1794311955018044,0.2925113296211861,-0.980541866090299,0.250523637347183,-2.4928099370638526,-0.22797761025743712,0.4990855654659427,1
1.542709275348216,-0.15153999202807167,-2.3957703866757205,1.3981150198118066,1.3719752191367134,-1.2028542341714474,0.34609521569772883,-0.8934932338876084,0
0.5643252218469555,0.11200645636393147,-0.7595220153937757,-1.048735469139437,1.1195507766446224,-0.45547862513552206,1.529916812703004,-1.1998597221795984,1
-3.0184344969838435,1.4212537033592494,2.834467887976368,-0.9464363742101796,-2.3112428303796926,0.7692861400116449,-1.3249936810642036,-0.3815241391915724,1
0.9765196085391016,-2.3162013625701308,1.7337946182994153,0.3091711043151213,4.480163757240368,-1.1341611575832362,3.9919084815788852,0.6990136200130055,0
-1.1578564988886793,0.29407459686673865,1.4802578455534554,1.6835130213487306,-0.8135047667185681,0.31544858266509657,-1.192479252251428,2.6846742380640736,1
-0.9130994453254788,4.1208382236223535,-0.5859431368330452,-1.9981932596976324,-3.602778920445313,3.3781243082802437,-0.028661645751559828,-1.7022132660800113,1
-1.3321989142678363,0.48485137561325187,1.2377858907203536,1.317869654240942,0.8868211096520783,-1.1573451894793167,0.3247876750471791,-0.6095678288359828,0
-1.3311679611007798,0.9807361153489805,2.0606052783597155,1.819284401392114,0.1740576109082459,0.5152394088632137,0.5152946241300382,-0.20576859802966765,1
0.32991206424641495,0.17498539674766633,-0.34803162900164875,0.9237383974929496,-0.5901785554168612,0.5884211847719816,-0.6658496939603584,-1.185860547130203,1
-0.3969730848465915,1.9941689734975276,-2.3995918259955644,-1.968364258404662,-1.0805736287426375,-0.9292895156992352,-0.47251976890568304,0.053307420598760376,0
2.829823738978082,-0.8673380544058265,-3.3474898992550477,3.0990368399473103,-0.637995489049182,0.4880927044905534,-2.226146290037384,1.2514564218142645,0
-1.160625876466532,-0.43256683079607683,-0.13159905600129607,-1.862406777118549,0.5955551775548813,-2.571908271783653,-0.33082840606947017,-0.33849396429229733,1
-1.138527848315975,0.26040742057334376,1.2751025910307685,0.8554578642235968,1.417134086893839,-1.26753600583025,0.9937797913561625,0.5493156445582286,0
-2.023196859816495,0.06242430507269203,2.2793075641585974,1.4754647739033218,-1.1701187704867215,-0.14758498630650707,-1.9097582088046379,-0.5323122659297901,1
-1.1691581370654385,1.0021009300257386,1.8406201361967307,3.3303006557208135,-1.075338505938082,1.2318630689875474,-1.186857719907273,0.282187407430427,1
3.624210389698322,-2.6279740587460996,-2.2080909344536943,3.1021951340993232,2.8498418120304274,-0.5160540587616479,0.8973105663172046,0.7540831702904721,0
1.4197876810172756,-1.266179456646371,-1.9375649244367228,0.8461220064809717,1.0353475614857401,-1.454377035763506,-0.5492772389518787,1.1468791992518994,0
0.8031867190207636,0.18021757663607985,-2.2666665809665116,1.2903352874925906,0.9879831594221093,-1.7678955479033416,-0.2758661418612329,0.9912586581920886,1
-2.0445415664605573,1.61954401819294,1.0666934618184776,-0.5971773853876627,1.0905727801991807,-1.6420407466056228,1.4842415048820632,-0.9494243267257642,0
1.8468261804726818,-1.9015412591862817,-0.5701435870864067,0.3653925108697621,2.9572307925122523,-0.9371283322009409,2.1758907650179,-0.5975686357669662,0
-2.27708561884278,2.910093739410245,1.2556842934214951,1.0200472058977288,0.7558325401207177,-0.7973086284565669,1.6312621675862138,-0.09733681866268276,0
2.118437918100204,-2.1026189679493967,-0.17657185893656857,1.923895698633943,2.031961227714826,0.24823208129176777,1.0846736926767817,0.0018459552310057436,0
-0.5273329972999794,1.7258863303466545,-0.16095429453879162,1.1417429374691352,0.9365923978400582,-0.4763089031923484,1.349565400188497,1.7687717832594205,0
-0.0643970855835039,2.0996947603574734,0.3275133924076187,-0.15169297625389655,-0.31590757884051834,1.998623197309847,1.8486884696719224,-0.3511962018037653,1
0.36873191849637504,1.4286286045302643,-3.5039988126220654,-1.6845192408309562,0.05995638049547229,-2.0531803980109684,-0.10975749205606045,0.27402735267208544,1
-1.1285778230750618,0.13333590252728955,0.8450383115003063,-0.0334064427874301,1.2780370734900361,-1.6445779802517926,0.8059041378411995,-0.2922597619017695,0
2.4372371970313065,-1.9640439219671506,-0.17294165183758947,2.77969769083444,1.8869121123751629,0.8923075456525853,1.0528037134560502,1.2212356600669605,0
1.2386362825889736,-0.9559492866285342,-0.3425937191144445,1.0603234826370918,2.972149128078337,-1.0600062805285466,2.3539513439142867,-1.7073844825439868,0
-1.0845407357077264,1.986117869557304,-0.06019545881508348,0.44636127180156626,-2.578923859595858,1.242333739839606,-1.7880973164808207,1.369254797421876,1
4.2752615783117,-0.6186887406089323,-3.137475297615907,-1.536016609396861,2.120789361245776,1.869381247438251,3.8417715637532264,-2.2363290283141453,1
-1.0235937425492718,0.24304571997062752,1.5116678685451004,1.8538580181439728,1.2103192756861927,-0.7887921149463437,0.6777138341313429,-0.5531921834348867,0
-0.25916950671857697,1.2126159086020132,-2.23107841593943,-1.7141027618677205,-0.0001042520033131823,-1.8107211028149777,-0.052183122302213336,0.09682817740951716,1
-0.35813818165195166,2.18825928179364,-1.8540487740681044,-1.621391839486759,-1.0590424385966,-0.17633233754014555,0.009741447395590352,-1.1326690518768963,1
1.1493869928346394,-0.30531360800519725,-1.6041413396204063,-2.3733942383925353,0.07149639072484529,0.0658749129416123,0.6845534780773619,-0.25593056166975336,1
1.6053290929581643,-1.245249375305338,-0.9692824582881469,0.6908314249744303,4.781243568341444,-2.4887778334119,3.7827642703793196,0.42956300020347943,0
-3.4624846072370636,3.7169641860278353,1.4998531723906432,0.028699091467913607,-0.03019825000008622,-1.281771729100377,1.0757789195956424,-1.5259297187725958,0
0.1573584289341073,0.013253923462390627,0.8279061684535689,3.3005708731049355,-0.28101313606475475,1.0618756757125667,-0.7971281753655148,-1.213941706157383,1
-0.6419763550435624,1.9562803638747135,-0.21855696915659228,0.4243254418057343,-2.8451684511376882,1.9428403260757503,-1.7352448083551981,-1.2915256017682013,1
-0.5324531464239932,0.676862920389915,0.7268213269349684,-0.40064356661645506,1.107137784225833,-0.264187211251665,1.7759325812927733,-0.21645222277144752,0
1.0519436983016255,0.951571982026614,-1.5643579660641413,1.007071881262921,1.9278018305873903,-0.6201342988376858,2.1198367975125283,0.8247490065722979,0
-0.6270256824480275,2.14010847377149,0.0005239366822344937,-0.8746506083724106,-2.014157160203691,1.9145741611306075,-0.13951902250005288,-0.6561959548884432,1
0.3632263098837052,0.17260144803953725,-1.999563191357625,-1.564563603489848,0.5131107936526881,-1.6486172504608434,0.16973806165125715,-1.5763517088994359,1
-2.3689471100961192,1.722917099894918,1.589974899668703,1.5105882473910697,0.30231560027369925,-1.1997291602347855,0.09916502019730766,-0.7072933806359618,0
1.4618932772755608,-0.6260538375857123,-1.8648441841020755,0.6653721979177132,3.439338089563237,-2.374744568996932,2.3705306051134443,0.8521788848080184,0
3.2929257276629507,-1.324121801670722,-2.5428028943819556,2.92059898700296,2.7803972270817088,-0.4071666163858738,1.5353382358113348,-1.0780621499637142,0
-1.8281931150479815,3.731705708157477,0.38971489082693966,2.470696622969617,-0.3213448313025246,0.163336144992847,0.6541524231733744,0.6918098218337286,0
-1.2368087137874713,-0.027262202841053185,1.045856593298461,0.7715729849269993,-1.5398004092226878,0.027914801446494164,-2.1675558610553445,-1.9642925222356131,1
-1.2648342052027937,2.0531441291977774,0.27683953589851784,-0.400237223381825,-3.4475097792793776,1.9961276218273465,-2.1177593870591602,-1.4263789222814078,1
1.0921298038822218,-1.197001020148186,-1.4517370689452394,-0.21577980287510212,3.3285266695334563,-2.7978661659100608,2.033393014399641,-0.3016338835352606,0
-1.3085770420632425,0.49278733339650593,1.8216803810078086,0.773731860108902,-0.47341885532682065,0.44421050214241686,-0.2522156747430625,-0.9960497860017741,1
0.28410812503656574,-0.1699654152283192,-1.6797226347466452,-0.20898777096814136,1.1143920519711823,-2.1843958345801777,0.02329377259987009,0.009880609829763149,0
2.524677125291671,-1.5692865926441235,-0.7234129770437894,1.9339935411826759,2.4852826285933705,0.4121310597079393,1.978717300112639,0.19584524701068554,0
-1.1031664145797564,0.2989274221303869,-0.11085658713125202,-1.182369801835055,1.2555697194601756,-2.406333636432186,0.7347027136661094,-0.3496149900355497,1
-2.06510344083581,2.5802480775690335,1.5114748562757323,-0.5083499804517255,-2.5542728990552037,1.8504440249625995,-0.6840608203411398,-0.659602268519233,1
-1.1948549882658024,1.8592357285356202,0.5789132335875293,0.27033394168507685,1.3107311510189008,-0.8295601942718803,2.03222652310087,-0.14900519936386536,0
0.2666150474920809,2.6352052979579588,-2.8938764735765927,-2.582307817312466,-1.9856345709732681,0.718664178256152,-0.18295022824641394,-1.1473219676483402,1
1.9124146853973856,0.8270560570551806,-1.7148590534627148,2.5028734590535553,-0.5269347890005817,1.9811283700021987,-0.08166973265565791,-0.9086502957414381,1
-3.2376673939355136,1.8239876335325573,2.2907141763712646,-0.7386838672746223,1.038993689739122,-2.062014258282683,1.3987415322140224,0.3305733926254358,0
3.0794988811592434,-0.43005638166538673,-2.502409816818944,3.8567484378117385,1.3511035081246892,0.7825899428710741,0.5111041515443631,0.5054042734309971,0
-1.1340429921805792,2.570817976060232,-0.8239638018013795,-0.11234861345005398,-3.8184135244916058,1.6068477092865567,-2.7475364701046354,-1.0630179915769966,1
0.968192474925568,-1.4876469814831825,-0.015100411134185365,0.9948286737818752,1.6438003737099838,-0.6705904869292503,0.6661975426524005,0.8098893216611167,0
1.0710379238390046,-0.633791140432947,-0.1613569286896831,-0.949766855474715,1.9356043662134386,-0.0602920750765189,2.4607070441554306,-1.733826354483668,1
-0.4072264269695703,1.6549415173070965,0.21566522173796543,2.8556796502717425,0.5318150200932089,0.18994245880521143,0.629813543634737,-0.06638761758997193,0
1.8953394138693187,-0.8526674792740179,-1.8944398640439155,2.3629152293271454,1.4955082993242987,-0.7587496414129307,0.1361480840710425,-0.6399918167774491,0
-0.6013582764436574,1.312452481440321,-0.5030236874963365,0.08764799100786758,1.8879231452638985,-1.792429909922423,1.9351317589349886,-0.6921522120768903,1
0.6039630956037022,-2.628108029111293,0.9640904671350035,-0.4778412191505439,3.725299665949744,-2.248867975108971,2.432750823843554,-0.5022751745078862,0
-2.2091489318422672,1.1166636138934318,2.021829610018825,1.4615748751250026,0.7941183934434264,-1.2261710972709545,0.4710934057365599,0.2886539308074841,0
-3.1738814552764536,1.2219560619762038,1.4642990546730053,-0.747802694066785,0.2581860375138283,-2.7895377577834797,-0.3731055574553961,1.157346311723567,1
-0.353393309863825,2.247093983495301,-3.5181611404609847,-2.606676658555915,-1.9520572196488124,-1.2706069804947826,-1.530010301439416,-1.0692868554188253,1
0.21725546664969647,0.2505229043030386,0.31199612213370265,2.225972815046415,-0.3353346422837892,0.9000257996618286,-0.5176503397350574,-0.7150481829666253,1
-0.8277076451440016,-0.061586584248523035,1.7226026369274374,3.732812307235414,-0.2774861672530613,0.33485924167011427,-1.3434540620497635,-0.37940449898584194,1
0.7440089108646937,0.20454432061935757,-1.5055708126983798,0.15357921969997712,1.5111147814985362,-1.2605485939927943,1.1443645307673223,0.02128043710406337,0
-3.993401587502542,2.774648115133379,2.4322440692618734,-0.18357263519228773,0.15503004362271225,-1.923074339491023,0.6201541073314287,-0.20648098517684707,0
-2.228809025872964,1.493208738480003,2.23887717807888,0.5987599917930577,1.5343484035870865,-1.1513354799597635,1.9545356431795406,1.1050607298029094,0
-3.510846281772295,1.8127097223205502,2.6354777471998965,0.8116596080698376,0.020095139563906985,-1.6170135673641544,-0.15827670682621764,0.9525983946489063,0
-0.7233421955729911,2.486630689516425,-0.43016494983762454,2.8913033772955408,-0.3610211178974846,0.153939402238634,-0.1960982446030186,0.76527643836476,0
0.2526019643021803,0.38157644212033226,-1.022921770211368,-0.15876802375209187,1.8515547794990013,-1.600540316655296,1.604984290601866,-1.2046932828281127,0
0.3485544567922981,0.6283731602085454,-0.32185960573988526,0.7387969528034901,1.7786148398914288,-0.5337848701113251,1.9988859039000093,1.7547755448465847,0
-3.4484212460120753,1.8312847278434332,1.9389412877035586,-0.8709034146812078,0.32384185583265934,-2.308914513299011,0.35938978775913144,-1.2767729521310867,0
-1.6662742113013331,0.5882328755295138,-0.25952867296325866,-0.8646977161924242,0.8533165853893149,-3.0412367319970186,-0.13552281158451795,-0.5939031720203022,1
-1.7689094317520198,0.5330359320310394,1.205624316933584,-0.11340043588470716,0.9837961478522436,-1.807714744235647,0.5744107387670065,-1.6547282764099975,0
-1.2695572799462567,0.4072716574092897,2.059283260126155,-0.26136156057595583,1.5339066480353936,-0.5024187871282362,2.096994958452189,-1.3013435268355793,1
1.6478814255474492,-1.1074702546794244,-0.5176405285205152,2.4291766409754256,1.7443867672885016,-0.019972481062686565,0.8386340401405763,-0.4921435151960026,0
-1.3265070511140413,2.2739468684541864,-0.9105473538200929,0.008716007491019084,0.6231173805638972,-1.8914327939039124,0.7112320648479767,-0.22565670321806863,1
0.5015502705748202,-2.091053094793744,0.6025929576360649,1.4207954056851682,1.842459982321155,-1.3649309864607946,0.12052195292512868,1.214797056894385,0
-1.6314687159176053,-0.22252437823777593,2.6286997041984765,1.2811666307902558,-0.3262258334522504,0.13386556743223033,-0.7065547185391466,-1.1843601723120227,1
0.04344548021652447,2.6596902716069155,-0.6584875260637806,0.33470664119863136,-1.9009060803401412,2.4932578566732664,0.1396047258500852,-1.1385673730496195,1
-1.6680793850149487,-0.23554458854676064,2.5005885122989513,2.580146683674065,-0.4742066453808395,-0.0903102554300248,-1.485419928585152,-0.8466462488663622,1
-0.4695238940878855,-0.0820551980846087,-0.2817290336358256,-0.37751526164750937,2.0728194457850773,-2.434108829593309,1.3008972348102075,-0.21339221860714852,1
-3.2375473336097396,4.309668023207918,0.9636401488340659,1.412687349146581,-0.8676380021719589,-0.6438059146416346,0.1520328183757128,1.189515042665042,0
-2.2424460895733858,2.799378242031326,-1.9640057128928743,-1.8821538941620815,-1.7839688818751227,-2.4276934627407933,-1.8732508096066298,-0.8513704503128111,1
1.8056181445539643,-2.7574568107230246,-0.8056328166480289,1.0658386941849598,2.4627029843376227,-1.6251940394322086,0.47184143495347264,1.712667712838569,0
-1.0507953339763982,2.960862534644115,-0.9478355743937814,-0.778212104204731,-4.072927629762865,2.1137554959914855,-2.3713264032837222,-0.07474416815016639,1
-0.9011934547906415,0.4070722021320583,1.2412729939703322,2.885611380028288,-0.9710727804491367,0.5548477689333403,-1.624960621649926,0.30845010833151476,1
0.611394579065509,0.5005334871660596,-0.7359671863003542,0.5774206341552464,2.151097292866492,-0.8747168448568614,2.2427988862096586,0.8867323595545424,0
0.9403116506447066,0.15647954699871414,-0.49596189376055433,1.280915415115652,1.5887282970738583,-0.027556107249031125,1.6310018104939796,0.8651986080012756,0
-0.09752587124029491,-1.0567008106760707,0.04648546264358688,0.18155796740928443,2.2202432433651467,-2.326347644069396,0.9192373696987324,-1.1174181735133961,0
-0.6186051537916015,1.4215649930914176,0.9708546298407504,0.8567691988011933,-1.0452762511077192,1.683478243908817,0.10156568934172538,1.1294735893439463,1
-1.998958429877797,1.751935157380828,1.5037123040416183,0.5264959872388205,1.1291679336948754,-1.118516581356457,1.5523286325290244,-0.8074354014696146,0
-2.083633346048747,0.885732119406079,2.1025703023267193,0.7979385931332876,-1.704819724096096,0.5657329816261228,-1.5643510979233715,-0.12011364321136973,1
1.5941073962143975,1.1383897673500467,-1.6520962961881607,-0.3631473860007295,1.0537280984678283,0.9848522951086818,2.4911659201148653,-1.0285765255061254,1
1.946015209172159,-0.9975904252377047,-2.806010744393064,1.7720237995288755,0.599611290578976,-1.142446691925855,-1.170264560653425,-0.8145947931704389,0
-0.09474226071184505,-0.9118270600595042,0.5014144129327562,-1.1151851891608522,1.5474943663471172,-1.1774663917948365,1.2720733831824667,0.6729432044950393,1
0.5764797041195823,1.112359350803175,-2.8248231827211088,0.7859850572362466,-0.9388398246958158,-0.7768429452687752,-1.5881551466373676,0.3250141362565419,0
1.5184110996049858,-1.7786110109897888,0.28210014955577223,1.507334867161392,2.943269919777705,-0.5465825794610732,2.1152563412785903,0.7011863260703732,0
-1.4449359161807414,1.5447712765444908,0.8885560976601838,2.4542365413966145,-0.021843901836937147,-0.45830561897770583,-0.3342149439157489,0.0013796510079850618,0
-2.862813084420789,1.9916638305515977,2.1711695154564623,0.7084245473440097,0.5971336102539017,-1.298452394202306,0.8603170908657506,-0.16037100058244824,0
-1.4523159086757227,2.8524407940134684,1.3058540795509475,-0.7657136145964683,-2.16944999474695,2.59745398013588,0.4541378792370645,0.863791824569662,1
-0.759491638791373,-0.4862721648161388,1.460694044093069,0.9007760473816261,1.8344601797235143,-1.2667167514411661,1.1702750802109612,0.3734932694017224,0
-0.9504189650189124,-0.9772471888591026,1.727707277455085,-0.07531865306266239,2.199206124633702,-1.7973698609793374,1.4416677473767177,0.6918811448550872,0
-1.1544072332241855,-0.3172503487438565,0.5649550930896117,-1.2034878478641735,0.3727301365969942,-1.6348845405688297,-0.18789706196590306,0.4233419486085754,0
-0.6005196778133732,1.03579484081367,-0.3473955973238406,-1.365170231834342,0.30012941517424224,-0.6754022149396819,0.9248197050164111,0.7800702973910638,1
1.7451913003656154,-0.9653858550759894,-1.7057372084558193,1.5745990900196842,1.1546253315634125,-0.5931887198635417,0.022518785555913134,0.17721878507168543,0
1.6731940439440645,-2.321588079304535,0.7291225802044639,1.1786029433286838,2.646757809948045,0.01377166675530006,1.9461306147694095,0.6950206950882235,0
1.504040027276322,-1.336360554695263,0.054568128375459435,3.2890384243254527,1.7993735873133967,0.09041045625854505,0.6105559683824369,0.40410165500900846,0
-2.702087738645784,1.1467852185338898,1.7135936572074817,0.25496522867664295,-3.447785416680385,0.49785847457148413,-3.5603219208139403,-0.7048684538154905,0
0.4759469520119702,1.7705446417941744,-0.8585495032737913,1.926891834429913,-1.3755650189853195,1.8563729814940508,-0.5407796476583069,0.8899875622171,1
1.0979719614565424,-0.8923111435662772,-1.1379448085548,-0.5164704467014529,2.8980409475992612,-1.9222926610148685,2.2647587854308635,-0.08152282681934891,1
-0.45007633836480687,-0.7794520602924602,-0.23121179740219433,-1.098344972037257,2.1540210097110557,-2.8467700882288876,1.077295023274883,0.5063669775262545,0
1.2613859455673393,-1.7288745543643504,-0.5944086216932045,0.14753111445089084,3.276360714081839,-1.9776980127723927,2.12853087773843,0.12284343854019797,0
-1.3142174623299432,1.3911926098612415,1.2849707598733866,1.2272843753088554,-1.5291015862464206,1.1498330873049278,-0.9537781062302271,-0.02733193410609337,1
-2.1551056867985214,3.843957989773993,-1.6701339597990024,-1.864535876084774,-2.4143383134503154,-0.7998453206825423,-1.2115407110483942,-0.18241813553953884,1
2.825612382559761,-1.317395042768284,-1.7914468946723985,2.4741658010229495,2.1008703720081585,0.12859910234238536,1.1830332517327733,0.5660859827442142,0
0.4549841557833166,-0.4022415735702616,-0.05796613492061198,-0.5273169277783942,1.753452896727841,-0.7009853487344321,1.8234994070794976,0.16057734961564119,1
-3.2903656793073752,0.6953876854273853,2.7237248278531814,0.16248402976534881,0.4526310982361437,-2.200442844143999,-0.25371980758014634,-0.1664691282352289,0
-0.2194907883963092,1.0155876519796605,-1.4922567666788318,-0.9270035739931815,0.8157048601150355,-1.681941483363539,0.759332918242601,1.3704096939838664,1
0.8913471846174144,1.5769486008000764,-1.5958041893424313,-0.3940633406274807,1.281503197809329,0.07746998869838584,2.4738295605998557,-0.16552815135332738,1
-0.15684800625546766,-0.5422288521527207,0.07062373469063932,-0.4219557612782132,1.9244745649510737,-1.7789689896709289,1.3144983982147145,-0.23391503064445315,0
2.2542978261613227,-0.8202814286018383,-1.9468687468475752,2.5787683833030894,-0.03878725715475168,0.7632273615515659,-1.0008630561806817,0.2983918465663045,0
0.028534906996013434,-1.4133891731599868,0.552695134908145,0.42983150308120766,-0.47138054096233306,-0.11773148127250643,-1.4604067498001894,-0.5462590381260406,0
-0.09260999810606386,0.4845764910044459,-1.7347583522080492,-2.0295049034317776,-0.40989317110209256,-1.2407867667490833,-0.45099369858482397,-0.5026196138317597,1
-0.4043787484365664,1.4220103825277062,0.1564431174746781,0.8776078620182063,-1.627040027646705,1.522386700885347,-0.802239609674093,-0.1418016249960874,1
-2.4863351543433168,-1.3784734299896728,2.800982110381401,2.7275836323691385,-0.9720657926578753,-1.6217495631979677,-3.6034512062600688,0.01804164863409918,1
0.835299317862615,-1.6595091819783643,0.7717651815698892,0.4543374016119561,2.3615408676635106,-0.5750675235398073,1.7990671405089236,0.5334008512375619,0
0.5252040924735297,0.5890409812000775,-0.5207062213598908,1.8936632683897563,1.126560503976828,-0.16928203312449963,0.9505476533364837,1.8199488505496704,0
-1.487335099369027,1.6671740666008947,0.9795165642327753,1.8977829159184072,0.46589281268776256,-0.6061190206193083,0.4594585187848377,0.47369313673222746,0
-2.4633197455396543,1.2761766802248082,0.6008236993269702,-1.7582439042774056,-1.139046423446949,-1.5422181340090209,-1.1223678266895152,0.4276172815847823,1
-0.7284561955791352,1.0110243262082637,0.8048034982953943,-0.5199357852042452,-1.1521469671937716,1.2121734827545754,-0.05234111711836631,0.44198600639503066,1
-1.9970009492246392,1.9462903380809746,1.250025667674345,0.05657916841225874,1.2569639843547964,-1.2908610727981866,1.8509503719613862,0.36860082912020287,0
1.9163652338401922,2.543126015447749,-4.60770039579023,-2.4155694606398947,-1.531879154720824,1.17109011802137,0.45076767099595194,-0.32782352634269685,1
-1.1715420531256846,2.1794842575021773,0.610829569644757,0.021102660509113358,-2.268874635085479,1.8062810463765575,-0.7755753700637855,0.3430670089259352,0
3.207523456297259,0.711471638482847,-5.291657477396356,2.6904926717090865,1.930719361576054,-1.4760355495859203,0.6823515651075718,2.0807659040391893,0
1.1656642225516676,0.7621574974228966,-1.8098887342750813,-0.2513322953354974,1.5813278594895321,-0.5080614344032109,2.0616782260424387,0.41076218957588423,1
-0.27496848023049636,0.4806266506760417,1.0686190103039834,0.13137566675304757,1.1727049954792632,0.29472442076942706,1.9371942001002056,-1.0954009030092366,0
0.764361828973803,0.6595705958656037,-2.696947976385398,-1.8603811104950059,0.35444173460425293,-1.2692610853175306,0.4760566023241921,1.308011915661778,1
2.184249578166703,-1.7561879108720744,-1.2025487053702484,1.5953087546074043,2.8100316598864734,-0.9785392454797803,1.571085195184906,0.229314128434647,0
-1.7539453911081855,0.5195917752227677,0.7730053049600898,-1.0547180783098282,0.9478442228674993,-2.158500695031164,0.606562442882621,0.712628483846429,0
-0.17008557554896733,2.5169268500222395,-0.428209189474537,-0.443634508712175,0.022018134063677218,1.1181606647164157,2.0129175410326834,1.2548119434691696,1
0.2910543789904607,1.7968066209417084,0.08042096682129196,1.1438905806617141,-0.2762958156040493,1.9515506020857567,1.269614160978091,1.1716623117805505,1
2.1002344285836476,0.6067920632767296,-2.3393635948586,-1.7636090700773344,0.6923245878075875,1.028783176523738,2.228726714971594,-0.13480087150720985,1
2.3501261866834366,-0.8715890218243681,-2.5629323721203043,1.9269709094189302,1.8604821367013622,-0.9553160051910127,0.583869874221038,-0.0659746208908102,0
-1.7888568797754993,2.8163925839627613,0.9522323275388999,1.6239627940759838,0.46250191606431185,-0.2627164693651315,1.2984036105291747,-0.5037895841039367,0
-0.16864648865141832,-0.08869149202337023,-0.6505581342369169,-0.5812972039551343,3.2159939671948545,-3.0689316223344756,2.437544814703088,-0.2773160565659805,0
3.476058472458896,-1.6614349361511551,-1.4759730256337502,4.091355792388354,1.5977719936875467,1.464430476663845,0.629248745653398,-0.4307147004602912,0
-1.7131178455689156,2.531125400696669,0.8882204156078072,-0.4002822521524607,-2.723237090642841,1.8111721991956924,-1.0263232400258748,1.5910193057751172,1
-1.4034628009204897,2.3088578333971195,0.19502529843996874,-0.009657730851380997,0.9278388123734944,-0.986766782250762,1.7323488806321183,0.6178748004645681,0
-1.4800109444963325,-0.04887448626731827,1.321718018586111,1.1594514110503427,0.806361128471471,-1.630715962264473,-0.2530747897214418,0.9960086593886697,0
-1.1714486136232403,0.14175692794929362,1.577643269312583,1.1333641783679853,1.6677022991553485,-1.264886048744736,1.1862590749306872,-1.422006524907533,0
-0.22158294679672486,2.7373185012780126,-1.6605066486518028,-0.39930741154493976,0.2362140679016776,-0.2837511625421433,1.4706935561105905,0.33607116792566905,1
-2.0797268476349324,1.0988594270208387,1.7758126572178234,2.9340323756108697,-2.0575713477173614,0.41713259118057056,-2.7517676830340783,-1.1656715902886647,1
-0.48393705116308156,0.4718257289669241,-0.05136550618245961,1.871386276988775,0.2893187640951523,-0.8466701357740053,-0.5410306921269625,0.9667604626089467,0
1.9178914957997164,-1.5609255686567458,-0.12967888254592508,1.274024997007518,3.739942725552892,-0.6778910386490913,3.2175569388467853,0.13784450488078345,0
0.7081355034359602,1.335212915369236,-0.7456100369120071,-0.9361276486305316,0.37433089772590517,1.1567684467638744,2.0692504641240443,1.1438367264203908,1
-1.2671424085358083,0.23710000449275115,1.4333238667242576,-0.05682641858252069,1.77323869538536,-1.4735815634644456,1.639895311381402,-1.0985508408063949,0
-0.6994770125674554,-0.025994323875831782,0.35754406739552047,1.9804229330281573,-1.808742376777304,0.22652597122607243,-2.8530198950076215,1.9391925690994662,1
1.4545298125768045,-1.619776758022065,-1.8844584265608013,0.2554835301955555,2.365397735617739,-2.405070211852649,0.6354537186648757,0.7151624007606846,0
0.05891146485201579,0.4669090220635357,1.0049741158136074,-0.5578450355482787,0.7670750811626306,1.0799659232916659,2.1018792413746867,0.44350172058452486,1
-2.4238486339637175,1.7697726958491944,2.2085281086568105,0.3979432211921875,-1.9345795856410626,0.9540908213228292,-1.064823618095401,1.223853198573728,1
-2.5824679547862295,3.244917752635841,1.0516657129929272,0.6185042240997586,0.25225259289904184,-0.9123960493647271,1.1995890065036252,0.2612666841318994,0
-1.5998468322131811,2.3654576955794306,0.6015549392221442,1.5560347142143325,0.39677059660520625,-0.616122066336664,0.7897792805421181,0.850647667782251,0
0.9786396328464593,-0.9732386617346189,-1.1821582160068638,-0.22027443642177524,2.2766213790400807,-1.8482646775026794,1.3674022587286383,1.533854941032175,0
0.3293316061405351,0.7605245272871543,-1.0907470048852197,-0.5711905937486295,0.8216941595917878,-0.5733128871906126,1.2034350525748867,-0.33637866311040404,1
-1.3380457692629157,0.7357278221443051,0.9304370065855715,0.5964386438317564,-1.938413431890615,0.5664526733392636,-1.945844519489424,-0.6662842005099068,1
0.02064669779445743,0.08406557003441117,-1.2447151540724986,-2.0335027856860948,0.30707112145599896,-1.2788710431647798,0.29041616707451046,1.0045929091264905,1
-2.0375404858303208,1.255466836811903,0.8948135007056646,-0.41941605344814237,-3.3408976221310867,0.7597008820383431,-3.042281843184745,1.354019142371523,1
1.3755875887678986,-4.011453620273058,1.2709568872105947,0.6789979629628242,2.299761402535467,-0.8487637809025853,0.39033847669952404,-0.9120541021539065,0
-0.6258088353121234,0.9161474763111066,0.10131943652323394,1.123557848381717,-2.0966939590182867,1.014884670793537,-2.0338431426496033,1.192496559031471,1
-0.23029413477541552,-0.08742329189621678,1.5097215757597398,3.284208534409031,0.31243325614656575,0.7157580576197983,-0.23524052330092127,-0.5261623535474892,1
-1.5675278118346252,1.8425638958619646,1.0771289057285025,-1.6927085316181176,-2.1645276672058182,1.5016044800426331,-0.36770486264385405,0.8291298273361137,0
-2.174725438476275,2.65197193351511,0.7837106700465784,-1.495578838144593,-3.8049686828655984,1.8260179097058438,-1.9840664169106406,-1.885766918754242,1
1.2442259749695475,1.4389319674764927,-1.24990399480191,1.3346415569828758,-1.5898941764607555,2.6297485394692712,-0.3443195738114384,0.6888909324916298,1
-4.885228278180308,2.2338782515176927,3.3823002149016714,-0.09416817691164292,-0.2465046748764508,-2.4874307566043665,-0.4534625947799993,1.633948183523648,0
-1.3798956441410566,1.0889118412882774,1.0743678196464148,0.3669138557980779,-1.7754622029940375,0.8266899498466168,-1.3265651649341101,-0.49938429859137107,1
1.0210008265803574,-0.8451446669716887,0.049144164161048276,1.1685924006475377,2.469308490107974,-0.5935540411653764,2.0248436405154617,-0.8955560935463348,0
-2.4403744647711534,3.14999928815756,0.6820925615367144,0.6977891114732175,-0.09601701253291915,-0.9334646884564436,0.6425314513982343,-0.4691490300258103,0
-2.510658738689888,2.5993703340948224,1.4535277021926207,2.5819553293370685,-0.42047089492793355,-0.565112018429927,-0.41032178991342927,1.1129465302072028,0
-0.4388376393051549,2.936596026513757,0.07742062695966223,-0.7110779816425614,-2.1077265345429272,2.9315812407323607,0.669476158766106,0.6816906899038048,1
-1.1824452655535331,1.2680342335820889,0.7501089747475831,2.0454224877996676,-1.8631026148724201,0.839415418350131,-1.9387900864611254,-1.1838851760524995,1
-0.10355733142385391,1.0769045057264715,-0.36845872716033856,0.7755083095387454,-1.4256969968310267,1.0698962537892858,-0.9754368761272465,0.5199990757978105,1
0.7531566350775891,0.09771122987061054,-1.3046512462537492,0.028378919530915647,2.1065033611683757,-1.4787875548243887,1.7858779256901323,1.0877398432337475,1
0.5068270406685207,0.13532678438608414,-1.926201599264908,0.6632109717121457,-0.33655498592702077,-1.00578587216887,-1.3144835064171163,-0.2701599923826637,0
-3.159434486885945,1.2147821049517742,1.724657780976763,0.5952002530177578,-0.5965239101396469,-2.0529350840982294,-1.480655095201,3.061946965406219,0
-2.581540667529639,2.509932597463667,-0.3873419866991725,-0.46376272311674094,0.030653251903859,-2.77228234768518,-0.25982707589383147,-0.7150218680302427,1
0.07571192095047628,0.22380877972180846,-0.5751137125465926,0.38693099543906007,-0.496717447140992,-0.05034463000593248,-0.7309881587350489,-1.8655451010781223,0
3.929600598039056,-2.636280418836342,-0.2783117396866641,2.9366711564424217,4.876239795862379,0.7761273827903903,4.443384505490997,-0.23833817231357088,0
-0.03131351151196303,2.84505511723043,-1.0229156326130493,0.2540521290289812,-2.6426548604451106,2.5966253105607495,-0.6609372516344717,0.6607233944637488,1
0.9489096452118515,1.424980695161673,-1.6085103508607217,-2.0469513425518318,-1.9305691492802266,2.2597495272353783,0.1199383740151907,0.40208825820294014,1
1.6286725123614463,-0.7677983510893686,-1.3292546584904568,1.1434096173461232,1.4425313013007681,-0.3789706446648854,0.7850203384843879,2.075637542165838,1
2.8884813270471237,-0.8147975062727966,-1.6701612517468938,2.5739646580207145,3.6945729392836246,-0.3071599743034227,3.1889498247255545,0.4506555553346548,0
-0.5294346379224262,2.003602624354892,-1.4708807496349077,-0.41355101710632347,0.411403626949475,-1.2260961020321046,0.8076121412963537,-0.5138386168427719,1
-1.8005266035253449,1.528355865973181,1.1936861719696952,0.8064314684937531,0.6926357313242979,-1.037414755878194,0.8161703645182383,1.0714113018874913,0
0.861211457657044,0.21572119303872728,-1.502339636884178,1.1581380686778087,0.34836878604312743,-0.3945362532133124,-0.17611722692327247,-1.2090343969891855,0
-2.331083398496746,-1.4338557344027412,4.069357515542169,4.260327442672953,0.21116903264720585,-0.9279547817500415,-2.1376577284840286,0.5389191851437345,1
-0.9392203662050923,1.8263118944416266,0.47425596529017955,0.7439470128459342,1.317710226441585,-0.5961015461917614,1.9947165315045523,1.1129056673809317,0
2.182389327983895,-0.6899462026829593,-2.5815314412398553,1.205037271894028,2.8460600389454007,-1.6896542313379426,1.7492787882052183,0.14891007584637195,0
1.3478702963623372,-0.9130895425928987,-1.830637555342958,0.8372523044974708,0.15805630095641562,-0.631449955496501,-1.0130051789875396,-1.6247979901029892,0
0.12254725637696891,1.7077629170850366,-0.18591261011828997,1.045047937250605,-1.677661260206377,2.2354887419884713,-0.39071879176955304,-0.6768292163870117,1
-1.5411999019741083,0.9913341893771795,1.2523521094212275,1.2861725649175506,-1.7499146015793252,0.5906169098866932,-1.7802130520502477,1.0358252384175684,1
1.0337658610988099,-0.7861350347535516,-0.541207337949233,0.7928525678495889,1.8767619399511295,-0.755833158069783,1.284445906952588,0.6405335916310338,0
-0.03573691673369502,-1.1369317584361989,2.011223427889569,-0.15372951407647362,2.9021273715802414,-0.5637024934156553,3.040336952558311,-0.5615879353732794,0
0.5288602136054562,0.5701615768853792,-0.3278081011790783,1.8779682523160723,-1.060008182473768,1.44351690082839,-0.9004307378914174,0.13682182967129333,1
-4.094700679600228,1.5482673183192768,2.769324434854382,-0.3302357383325545,-0.06806084261290692,-2.460311420609023,-0.4969982549157821,0.8676320839061359,0
0.27645647637053894,1.288067478019603,-0.5842756561834221,1.0847686680068178,1.4644600553917317,-0.2818199426080277,1.9238649884853638,1.5973727899525147,0
-0.2523427545957275,2.4413809270109317,-1.9108671444652576,-1.2671562363412663,-0.03125527534607837,-0.574299033028274,1.0928849805739485,-0.3587659360951468,1
-2.0304578332909737,1.3179024283645646,1.9866966707119538,0.2519919965625801,-1.6146128813404124,0.8304983277790327,-0.9078442855386375,-0.3938018684435067,1
1.7418535508664899,0.8965492215844286,-5.4689875422334975,-2.9839572649253663,-1.0148695401437924,-1.5329314976527297,-1.1287418189767577,1.1646149903103564,1
1.599801148681716,-1.7192226456299093,0.31067414112823877,0.7878506930742425,3.3389524933060435,-0.5331520192311614,2.9066999635788258,-1.4622247396898422,0
0.5530877132178589,-0.9420974440489056,0.14259796194421115,1.7367812401393166,1.5901992509339236,-0.8065308698110586,0.5364522876650588,0.9315712686810645,0
-1.50223255955332,0.8681845123257745,1.5755675728250282,1.1504399926079083,1.2564293484246551,-1.0120899132182277,1.1482120649615613,0.5371784276257605,0
2.4416503423452607,0.6198911231638824,-2.275154536961023,-1.567196430218307,0.17780366735130596,1.978743645106114,2.070539094316831,-0.8404709356859309,1
-0.7433518646122754,0.8537692571624571,0.9816901001606986,0.6434698153991671,-1.0150891995042477,1.0768693737912676,-0.4150804661723374,0.8058902285478261,1
-1.3592732515867416,0.875536740296764,-1.1609280917437488,-0.6239204642846532,1.0760679850922488,-3.474111715137677,-0.10898504637489004,-0.47434544190347283,1
1.5197771024350144,-1.723233797663457,-0.5619667660501453,1.091421102230824,1.8759636110113787,-0.6957224830925928,0.7674891556977076,-1.1722604528915,0
-1.7516176748980232,0.11163812808601159,1.293812940790993,-0.35899707333010633,1.9336454244163666,-2.58265883324657,1.2265864432297626,1.9898550733375573,0
1.4062393610880537,3.2899276040389953,-3.164418145684518,-0.3180417457164286,-2.799610479561803,3.08848699610822,-0.3091184373757987,0.11617308407654969,1
-3.4903683755332247,2.162077484521867,2.381165546730074,1.176690970555668,-0.2648540927989306,-1.4523504078402165,-0.40157341558408954,0.031044897762356697,0
-2.012260938868667,3.0366949635805214,0.7892415128168808,1.1251702226769769,0.410103763511627,-0.565953812220261,1.3167569602679254,0.06691572423736862,0
-2.482540427202561,2.2100602199608583,-1.9308288130700126,-1.939321919093189,-1.4105635292837015,-3.448274014503313,-2.2544884321392984,0.15187760961393976,0
-2.4646830868527063,0.719209251006063,0.5942448528659345,-0.14027097931082144,1.3449767267556527,-3.6985141227668414,-0.017264190420426928,1.018157247648752,1
0.08943184775371067,1.3450224356177845,-0.5560002096974865,0.7368877591890082,-2.075715197347736,1.7986517354654814,-1.2528361216001929,1.3520284761807149,1
1.8632534122558764,-1.8839664637317877,-1.3167699279589993,0.7575700448958436,2.4991980321584464,-1.4458710577763283,1.1128273300014082,-1.1044112775115846,0
-0.8075776294536879,-0.20110490841133055,0.9906082369011856,1.7507149412546958,-1.0446664792038145,0.13662658177812814,-1.887358465871316,-0.4141211679455457,1
0.5626913239425183,0.005995706089148123,0.009738994956323577,-1.2822634876170032,0.668841060298341,0.6097807704082967,1.6581335094466456,-0.7922089061846919,1
1.858307929131064,-1.3708856005433336,-2.3031307769108063,1.3487330908018258,2.7472502752970955,-2.3604908487114993,0.8714150383154073,0.7428594795772315,0
1.4431721852689803,-0.5139092626767605,-1.6052328754005831,-0.8374653469686795,1.9623300223591253,-0.9603230859809636,1.8876324596594105,0.6546766174823133,1
-0.9301796295450852,0.9888811353704715,0.4412597790706333,0.04206142436490501,1.4597900034963585,-1.2593240209914156,1.6228075831577424,0.5582916747557968,0
-1.2305455535022998,2.566688762896697,0.31240745394608027,1.0304781154870235,0.818120984733028,-0.40840875565876855,1.7091576471435213,-0.6530916613503364,0
0.7233755981096764,-1.2634489763788317,0.375034441055653,0.8660517399966385,1.2150815565429496,-0.1948715948563149,0.572578779715946,-0.2167365144042404,0
-0.9870051034557114,1.603242321082865,-0.24132701712658955,-1.638450052062471,-2.7304837624631335,1.202079363358572,-1.4925503720882591,0.44508647135340157,1
-2.36399772706135,2.6830326284721004,1.8560716311759178,1.584488269836709,0.9239580641269407,-0.609935672453393,1.6971517675120835,0.5604813988049354,0
0.8554901653440063,-2.0655493521543153,1.2692686891908007,0.5273738563043326,3.9970361667167995,-1.3595257192579187,3.2530179730224087,0.5822444775637607,0
-1.6435992343191421,0.3370595508336891,1.5939532436013,1.9583968028116492,-1.965492840444395,0.3986135831361852,-2.6890797143572627,-0.26170506767822693,1
-1.6272923656289846,1.056002085946113,-0.4634460846467442,-0.8270704592202155,0.7767406803602082,-2.811681799686249,0.09853884913860866,1.723465340067103,1
0.09327095908363563,1.6280825707345805,-1.1002274494754156,-0.3465499068440374,0.8305538866152761,-0.36014727115496614,1.6783054653578775,-0.02683184370905971,1
2.5234982955190826,-0.7047211749632811,-3.488944959990409,1.9810862199822417,0.28960162683256185,-0.5476402902683389,-1.1952533126434672,-1.6490334353493064,0
1.8380807851963923,-0.7838073820047191,-2.7959340327382582,-2.181253308247773,1.0217141761773123,-1.0841100603756775,0.8544087596808257,-0.07436859881871455,1
-1.713340443967912,0.09382454791921924,2.1215400928860126,1.2912864495318308,1.2976844567645645,-1.3669362114886219,0.6105323290834137,0.22226613244824175,0
-1.5723239815566319,1.3081829672292336,1.0635434700303088,0.29159801286377707,1.143547485473142,-1.214243849688197,1.3525675181692196,1.3308671803671674,0
2.4528119396410206,-0.5310585563233818,-3.0700947702474535,1.856134350581796,3.541671243768084,-2.168011137699285,2.183260340376318,-0.44624267421975117,0
3.533192201495159,-2.286235948616244,-0.7369468928414238,3.4676429292794597,3.3394365071065875,0.8339366818129139,2.458824262111016,-1.0280964078219301,0
-0.12764978690633552,1.0757858761158445,-0.049914363166614795,-1.1270833799975881,0.2854791185827181,0.43533252700154357,1.5178877247380935,-1.151868384586774,1
-1.55869438386246,0.3552938654919451,2.068780261811928,0.6232956822404037,-0.7107274438245202,0.3707543763182687,-0.5984181379602183,0.4015606083877186,1
-1.752930232182627,1.9782113499843839,-0.9937448564813063,-1.7037427868402681,-1.0851739412449544,-1.6430030909843372,-0.9020010443410424,0.7322345071326534,1
1.9415733664319987,-1.6561795626318812,-1.4340919479988692,2.2059221702599174,1.0645538874463496,-0.4787270988396628,-0.5529275634120383,-0.4927552111940789,0
-1.5387620936123023,0.5110398229130447,2.3122420046171053,2.054782086431615,-0.3286921888203508,0.4116761512973671,-0.47964078376276353,-0.8448984534104736,1
-2.744003219459828,-1.0522582990266978,3.938480805132194,2.7361360847818235,0.006325770310897091,-1.2009080900617635,-1.8691695678755322,-0.7611863848144755,1
1.2726879824274477,-0.37702720781614063,-0.6110316733462621,1.5002320465961017,1.5310055769681776,0.017994462017093316,1.2460671541226263,-1.553583543414807,0
-0.07067371977320354,0.07148726461191401,-0.4440306639424756,-1.204276569628477,3.1156647015589267,-2.4503695680692608,2.975171511352438,0.6354460283143577,1
-1.5522982674270212,1.5403392785681898,1.3705606754146624,0.5124347397442375,-1.7453279277692022,1.1646759268086455,-0.9025718816177231,1.1951391798334359,1
0.22499623423554244,-0.317577951193607,-1.0562119652167086,0.29604009635985484,0.7133580546327695,-1.4966118550341228,-0.28780562778889673,-0.8361069958796004,0
-1.0751938973355657,0.7857382301937148,0.8641459587173088,0.6000402179340731,-1.4327685776140584,0.6325599757378673,-1.2389567301475601,-1.2551077492566356,1
-0.7476364999376685,2.4807510422615393,-0.9969788323717008,-0.7711167362737339,0.299098557986047,-0.6160778982836873,1.404090064779428,0.0834811255198509,1
-3.501494117812708,4.377879757543253,0.9433782309037337,1.3068098129439045,-1.1820591989947535,-0.8338986441355041,-0.2965720180413365,1.171120631033927,0
0.7014268271654734,1.5080974753871095,-1.8720331439743738,-0.9739203117396508,-0.09108301045374648,0.35327672732512383,1.0183404077907154,1.2338172320892937,1
-0.29305179581972574,1.5910262289846004,0.38690539982862004,0.7531540435560848,-1.4324785561327322,1.9621434931549755,-0.15473213189496515,1.0544316549732602,1
-1.5116618729393365,0.7257535022226863,2.4264623413868254,2.349601889389082,-0.2531779757601314,0.6623064182645251,-0.22500248368231046,-1.2332688262968767,1
0.6201295576344107,-0.30916083627570723,-0.11902001306725163,-1.4534259634329418,0.9954851847538251,0.1378019352368458,1.6988417507120197,1.4294578020440076,1
2.280196118074565,0.281845778531973,-1.6781172666869701,3.378367041192698,1.388996234008251,0.9114444201930809,1.1942435344460096,-0.3125427371001645,0
-1.1850239830941125,1.831486028726201,1.2961718978411905,0.28180620838000525,-0.9553983356973702,1.4046595660516459,0.4664683131494911,-0.9778372003712856,0
1.376244756554267,-0.040652488875443815,-1.222879759057586,-0.0031013275372896443,2.258175245029139,-0.5717094065161992,2.464702023928803,0.07343451924111885,1
0.2734893884400938,0.8806721088064413,-0.6451714938463218,-0.9233111380680981,0.8951567075429266,-0.11034258938067343,1.7774982770411663,-0.31242179149504906,1
-0.013669613107853449,-0.7409053163729462,0.0037190993983231557,-1.3991889567837494,1.3226109967535877,-1.2913588502011513,1.0611191339336365,1.2823634741156038,1
-0.2987603353265463,-0.030431842942197807,0.9709041491548249,-0.5291089453426769,1.580902818234967,-0.4292801471581852,2.0091734493809517,1.0286543794558898,0
-0.8240260649910062,1.3852936371603488,-0.6243892534982679,-0.944788789429979,0.5000594593343323,-1.249879262841885,0.8491778797585419,0.4033003902452816,1
0.07597805902744814,3.4157900031896697,-1.7099275292638363,-0.926242457835164,-3.396024472189851,3.0293753263111265,-0.7456404716666009,-0.42444870314248145,1
1.2801011403974611,1.9217376494450744,-2.6892066796082643,-0.35226828854924275,1.5443885827999608,-0.3974814788495721,2.6095025878292875,-0.23212931854845434,1
2.043380849129822,-0.6110172473001809,-0.9314294537245894,-0.6240463467039034,2.3103637693248946,0.4342302751240932,3.0818097942468543,-1.1788166402247968,0
-1.4584075408861004,-0.2947374387116821,0.21130919295306594,-1.491742501892348,0.6936586673208442,-2.679239894913021,-0.30513843472611346,0.01424416401371203,1
-1.002104691434073,2.2869623023491403,0.02246536604057947,1.0563102808325002,0.7397956209959503,-0.5067879416983198,1.3885535384597865,-1.3116827504667838,0
-1.4373073204851297,-0.541470702090459,2.210506446359588,1.2795276712219432,0.03640063809570149,-0.47004933793691595,-0.7761619665393387,-0.3606479120661918,1
0.03317869918340471,2.2676753962008322,-0.8011485444237079,-0.2509603480715399,-2.096398195255963,2.2121993191091134,-0.274887309579251,-2.0966756985697956,1
-0.16312081769872805,1.156454386740342,-0.34551705966350865,1.451236452001631,-2.2657170658513794,1.539507571776365,-1.9686689396982682,1.7026964883479363,1
-2.7199308539677154,1.5579791490184105,2.458818279957221,1.146983373862977,-2.3027389401741987,0.7622326048993525,-1.9902150294699656,-0.4303854763970162,1
-0.6951584274230675,1.476612045917311,0.6813400052784249,1.2901870409753586,-1.9832609692636276,1.8525575243064283,-1.1446727588964758,0.23641786235993267,1
-0.8999448354180514,2.5171452754357952,0.7084986138727689,-0.6034189094366331,-1.8410023341818882,2.378376117525872,0.49154125172182384,0.8811833430420066,1
1.2461029435558997,-0.4319763728461542,-0.8436588959417666,1.0438500906059511,1.5699364166832677,-0.3036584692385823,1.2201445306023915,1.9094186522934937,0
0.30961709910932983,-0.2854666091180045,-0.7666986929814379,-0.023430387385662943,1.7182224418692427,-1.6418989286960968,1.0613051417842712,0.5939267344226444,0
-0.565195481609226,-2.241749482069459,2.27744943782475,-1.6193986455660077,2.889947664022976,-1.8089552393912034,2.279592774217103,-0.7993484533760062,0
-1.2465794123613763,0.9652002662048504,1.1707814305433328,3.84331322603604,-0.3414516460617854,-0.16506894885009904,-1.3032486289697776,-0.98026117629751,0
-1.4611173873697278,-0.9086505117036956,0.9549876151539671,-2.4773407856756977,2.8566807443102085,-3.634813018126835,2.0031378767923593,-0.7027280159126388,0
0.726149344046074,-0.5199205730564136,0.058927874002552394,0.9142874922497518,2.1973035742350717,-0.6285207611007466,1.8975309523792945,2.020049106929647,0
0.6980520260958175,-1.8472644263977438,1.522339090801204,1.4743424085035217,1.4615283390159572,0.3716351140308942,0.8133299468736817,0.16666168705732284,0
-2.120633038873757,1.4341411792935939,-0.3668984688316558,-1.7559647689588842,-0.32922510356145934,-2.4413768983752804,-0.6011464726377445,-0.241749638893447,1
-3.341782567040559,-0.1557292993961199,3.021750356458825,3.462091647055127,-2.55273576891653,-0.926867290500683,-4.875552343405988,-0.4846287640039644,1
-1.2115377749030694,1.355092194370616,0.30653131937163736,0.0810266730134317,-2.6914678187637415,1.0771337260118796,-2.182983895662824,-0.8923253901884467,1
0.3210386495967178,2.6546808903881036,-1.9514845817466804,-1.0666779510602777,-0.26761674178449013,0.6058744774640032,1.5149994385735734,0.4874139269048432,0
-1.356655967965478,0.38139469814954874,0.9264832951168772,-1.1541692296346486,1.7395300987147146,-1.947982374028914,1.7257421961555113,-1.4708050816732672,0
-2.414779561952325,2.1032043584719906,1.3322493955714605,1.490143142979398,-0.04027749009001823,-1.0539061724814638,-0.08357654171754558,0.1411692986915413,0
-1.5387784192653735,0.26125220230085355,1.095278765837816,-0.5352535447502047,1.2680414904385753,-1.898077749035031,0.8925517088838009,-1.235343817146005,0
1.6480121772736838,-0.9007651281148297,0.735728406831369,2.790646794454096,1.0116215713157322,1.9322376419823986,1.1061531569564742,-0.6149504381483357,0
-0.021772507698755668,0.1255090678207521,1.5711238097082298,3.7495929889820974,0.3488404514990878,1.2137162317907115,0.05231345224459849,-0.6126946458776085,1
-2.6030762681203345,1.642969675599078,-2.003071652799921,-2.497069032024912,-1.2800073613024436,-4.17279452269952,-2.5996160964178427,-0.6366700950057121,1
-1.2126471132830217,2.77219720623303,-0.17036782263129457,-0.39250277803561984,-3.33834056924276,2.0493051917517304,-1.634763655290303,-0.02465728073149379,1
0.7800798003401718,0.44513469688260354,-0.6792422530051343,2.4414520650714504,-1.0244436988065093,1.3087417423660295,-1.2091492345921897,-1.2513782464273926,0
0.4460891085617193,0.17425419518717866,0.23995027713639616,-0.43081755176660397,1.5575850374369415,0.14622375113533503,2.3334786765821325,-0.6302864440651417,1
0.3543552926421657,0.5007937129357432,-0.5030730085332817,0.8200125536202169,0.42769473372879857,0.05017694561521702,0.505985400389158,1.429117018551031,0
-1.7575988100075775,2.129404787371638,-1.1674703684920396,-0.5808741086278342,-0.04679791063172804,-2.4947912413873867,-0.3905001938638262,0.9344277832313074,1
-0.3905586550227611,1.565605668893139,-2.659276995524225,-1.3307507560677259,0.6652504034368703,-2.693671957476792,0.29276472974346546,-0.28879530269948617,1
1.7019190066232035,-1.4217930704048714,-0.22767767843283615,2.090440839769697,1.8043698835208095,0.14372268550883405,0.9963616261173011,-0.5121457323481332,0
0.4199374801144387,-2.566627388251824,1.2317545287579508,-0.3114801996422063,3.049692206311187,-1.7918575083730426,1.8244148826113302,0.6531931105803095,0
-1.6275021636990756,1.2529766136552518,-2.6284579226935154,-3.051914160615515,-1.7557244483280776,-3.193075049830015,-2.67389893629697,-1.7869457313398482,1
0.17403457943621706,-0.9185045831674687,0.42300047747895997,0.38722199137615043,2.0939527302567145,-1.3112016262187531,1.3759013422353092,-1.354018358498404,0
-1.171120834143855,2.0791722250513973,0.20397538465011833,0.8289964744273519,0.7179259866426208,-0.7029643148450957,1.2350630012640373,-0.47933686144085164,0
-1.4813903580703245,-0.13010212305278923,1.7933780521871179,0.05612752853491221,1.7477702020370918,-1.6928557851873534,1.2881134403845569,-1.1031827573082331,0
-1.1603468089826394,0.2805312561950033,1.558240627151414,-1.0655162149714559,2.624443323270874,-1.5948223346398822,3.0345945505925296,-0.3977041139069179,0
-0.6407831568701767,1.2603534240805105,-0.25574123091552114,1.106180293270258,-2.269024110565735,0.9668057308955259,-2.136912222608313,-0.4915611585980846,1
1.274979059509854,-1.363828834489692,-0.45053030090204294,1.4793363051344808,1.3413797936686966,-0.3998039474621454,0.3022218040043434,-1.8506316416948525,0
0.07031168829125523,2.895961623399722,-2.031877182712643,-0.367932138144055,0.390366161653659,-0.19782990552350455,1.7596816323610076,-0.4652168666180802,1
0.24056568504703787,0.35782944543272976,-2.0231475853096983,-0.12681331761978565,1.3490037620762436,-2.401250750419507,0.39864493503907494,-0.30149736352087375,1
-1.5738421838924725,2.862188111457967,0.6960396182554393,2.3352653944501407,0.1807181249806636,-0.036568046982263014,0.8321905120033655,0.9266055080444071,0
-1.5983039072306156,1.1874939362520809,1.2238223298843598,2.3800461501139436,0.20862739518825302,-0.7470959564633738,-0.3312952133551139,-1.2060002010724695,0
0.9692337653779676,0.7231024865386422,-1.5021502910341118,2.391294713293556,-1.0509700442150218,0.9480788594526932,-1.3606303404344202,-0.21865441149590414,0
-2.935786482601835,2.2248815080274844,2.0683464790950854,1.4039872537244673,0.05700181739778884,-1.0701178356615673,0.16873658532918956,-1.739065631104434,0
0.021196713124360524,1.1046682385578315,-1.1455623898421399,-0.8319246413382011,0.8807256895786422,-0.899103205797193,1.337197887757271,1.4961022334255598,1
-2.979288404726582,2.025178311438965,1.4762373883625235,-1.5863095998095882,0.9610715421264941,-2.2552246647524044,1.5149416610151971,-0.06614328487366697,0
2.578496859814733,-1.5145775866097768,-1.474140238880484,1.8524372811704002,2.358886307581823,-0.18628605091757644,1.4676634374005657,-0.1662214847101506,0
2.005285105614823,-0.3677475246133256,-2.4511709642563373,1.3346755734288611,2.5227670482592113,-1.4042135670235036,1.6206763110693734,0.24917867171389732,0
-1.129999704740571,1.052222381142646,0.7888493356019547,1.331198840837244,-1.4872289438086608,0.6283580576893167,-1.437716972859027,-0.599366493840319,1
0.241502826308935,-0.8114363019363899,0.6824076418426062,-1.0113584091595622,3.2492714481840617,-1.466782498231365,3.313260640418728,0.7036416157931751,0
3.0140955338545017,-1.941731341255521,-1.76476860037309,2.8320837153103984,1.1794821771440906,0.5724562878416251,-0.1582982406032416,-0.3722724842855991,0
-0.9855233852640254,-0.4127637070503152,0.9130775634623765,-0.3123437324168332,1.7748533211365178,-2.032593484987536,1.0540602938704264,-0.06827762263933808,1
-3.259422319705926,3.707879660651001,1.4430423823417136,3.151418229026857,-1.3923880141131537,-0.40912985308749894,-1.2314409088127793,0.5230790040023944,0
-1.286361559567461,-1.2034989216383813,2.059438022619374,1.5109922919602958,-0.47086512594862767,-0.5638153751217951,-1.8887682468319769,-1.0149348063096417,1
0.11311289324602239,-1.251907016682973,1.00966334200589,-0.1314112185933769,1.806132916709625,-0.7869695944576671,1.3709175361971546,-1.1182741545652792,0
-1.0791229159560844,1.264240183366982,-0.1943312231665164,1.3239790474192805,-2.999470922272422,0.7749749208920105,-3.2565265802810397,0.06749368124727499,1
0.9051992010867157,0.6226758016508208,-2.18760008117268,-0.001864214475971293,2.6580433396818366,-2.1593299065590754,2.296246913404846,-0.1868033912610023,1
-2.122879997831708,-0.021341658951016917,2.846253731258571,1.5805245539039445,-0.9023045007856069,0.062383987464388335,-1.4798652735162803,-0.15010422158550477,1
-2.604568281774206,-0.5484809248639333,3.7076465492588033,2.8475472526409087,-0.8098876281515802,-0.3401373307045281,-2.223605138683288,-1.729897831726847,1
-4.78192755531853,3.85333328888503,2.7558716316090655,-0.01255663703523413,-0.3272820689246722,-1.7726195590568703,0.5685714533933657,0.15111043728480744,0
-0.8565663202875666,0.3102798469071514,1.2120549872045894,0.11595027464914276,2.2342226369250797,-1.3039371763017935,2.2934845500197305,1.1558850841927,0
-0.10862298758055142,0.059188244135684465,0.7628403175923464,-0.17840148463459482,2.4571079725460856,-0.8752212926321902,2.782144662128802,-0.5072714105938124,1
-2.029835716936421,0.7213488903613905,2.6703824682678983,-0.4375529023859146,-0.5292152640821995,0.4974112795857557,0.28574768541589757,0.2619503493413132,1
-0.587029469001715,0.21961245476901137,0.9450540398957605,1.3109405691778053,1.497584629965515,-0.8484960086756655,1.1472133742028363,-0.15674207578227609,0
-0.13321185740587177,0.5439034626479939,-0.029109061661693802,0.8968604855384444,1.3475448537634296,-0.7977047722684463,1.215068008606009,0.09831019223810258,0
-3.0885515517323494,1.9422940716387296,-0.5837514638347008,-2.154317893713895,-1.7517033754954958,-2.9303025368739206,-2.3526101929844434,2.3502058000057215,1
0.09760716785315539,2.044872380534624,-2.1664998835534717,-1.0766570756281895,-0.1306583817932928,-0.5233607137178427,0.7234947667786982,1.6263804056686328,1
-0.2867797570871948,0.523448701487861,-1.414891434471798,-1.9907168811028424,0.03148070737967439,-1.4694749573423187,0.00836101016871238,-0.29225521544384025,1
-3.8360004944479766,2.696484545534667,2.7446821716636727,0.8940322661350426,0.1203042034305131,-1.4549983380812659,0.46797743917276613,1.0776513095291436,0
2.266229968502336,-1.9565735151102404,-0.7023042668338524,1.5956206394938186,2.1779833236056687,-0.0409778019204865,1.248387131720382,0.11386940030968377,0
-2.0825840731385346,0.971821219493776,2.0133688334139026,1.0317030866733163,-1.8703836633714066,0.6201524089999635,-1.789377293347827,-1.401002838156084,1
-1.1686924044307567,1.0461190804606377,0.4211368011845119,0.6418998064240051,0.843464550537149,-1.2817675780685762,0.6396203762446411,1.434734979664344,0
-0.6585304080676402,1.3362328759372348,0.49985273797247665,1.408611409459973,1.3332001264885898,-0.5358604332874213,1.5911879853836428,-0.42093888569228466,0
0.30536346802374975,-2.197959676682082,-0.28554274734353535,-0.8883658202054032,0.9631399459133474,-1.960543471055221,-0.6849744143010321,0.3313416467793406,0
-0.23083956568292469,0.7916298653139392,0.2131323154428586,0.5642813061925191,1.8753145377746603,-0.8249388266043061,2.1250891966034806,0.6707409459502034,0
0.7443855627778487,-1.5754461642579378,0.42591037549587174,-0.5129066852675765,3.237950814399441,-1.5190832485671641,2.715621289606568,0.31572526693549224,0
2.1769999914603666,0.6027036553057221,-1.9756695596944065,1.6917776058015104,2.1618509168159195,0.30107501033641637,2.5354038122522695,0.1295004510080991,0
3.5043812734236024,-2.344353223547169,-2.730484251515565,2.5241491205884317,4.109401256054047,-1.8336031385411151,2.037534515128933,-0.679440922931713,0
1.5448123763132167,-2.5943632252037117,0.0009508381226572826,-0.5953453780132743,3.366829938864504,-1.4961987964076666,2.4067719898556694,0.15915894533210567,0
-1.4940495469265862,-0.6795553826388816,1.3683553146629535,-1.0301166489952744,1.600317549475086,-2.386967643833258,0.7682690922333926,0.21187867865182275,0
-0.09185863915233972,-0.5361848387914723,0.8293262521821761,0.9471791918242506,2.0134104414210032,-1.0205514048315278,1.4631351312616916,-1.0133158355977259,0
-1.0332737594760828,1.8682954950069675,0.3876168041186925,0.16570186834523604,1.1131459929329073,-0.6310371192573452,1.9223163120718678,-0.6766708032480138,1
-1.283639690405314,2.06694828947519,-0.06925798088467316,-1.1251622467760494,1.1935588366205736,-1.3304288643360644,2.1175578478234556,1.161398787431406,0
-1.952997026542254,2.2783088339967534,-1.4678402596042377,-1.0851889395726464,-0.5036562147993421,-2.6922604619113426,-0.8710757005184482,-2.2481428867921633,1
2.1563968253122487,-0.6077452502310776,-1.424071081255728,-2.036893513446186,0.5746774053357627,1.326694142113979,1.8261624514038353,1.346669723754866,1
0.6093062208787725,-0.7124267413631558,0.6582323588965642,2.015448663432898,2.104992789652139,-0.3439837590793675,1.5198282763845943,0.4915421208773093,1
-2.4816936926965987,2.217330701553086,0.36632874659739945,-0.3692200199615363,0.04136908094388671,-2.020529707344031,0.0748081133073254,-0.9070081583826592,1
-0.41166536248876884,-0.337251273613147,0.7381206383984085,-1.378785273195004,0.8778937613441237,-0.5631322389014144,1.153756001092924,-0.29859673760962646,1
-0.7101182790687999,-0.340855039933209,-0.3399869177754399,-1.369819757153818,1.4161784583587858,-2.56913252048221,0.5875661686948601,-0.146059885047167,0
-0.27543115128335155,1.2422261124105038,-0.2606043637388069,0.745957389795882,-2.3495999907065106,1.6259841343491674,-1.738867209578774,-0.7328928857272259,1
2.47031487559128,-1.3730607246230906,-2.090105995948579,1.151565724686821,3.199919962199975,-1.4096027971282648,2.093112045384971,-1.0086640011668284,0
1.7225016003702625,0.37352938742578534,-2.6974449510816805,-0.8169871168739042,1.8077960190852147,-0.9453423144625325,2.0423040662072633,1.2865973693976245,1
-1.9007029916754856,2.6357422316586336,-0.6119140039771459,-1.6657128104113257,-0.8112414446023843,-1.1696754596068422,0.05584043191965915,1.507633558913684,1
-2.512165910348726,1.7118467926325656,1.8481308353372388,1.4333005639186602,0.4090094998312329,-1.2230618295142424,0.260824062883933,0.6446282463176967,0
-1.607170351458679,0.3951575317185383,3.0080168123829774,1.603863865063373,-0.36962292909983246,1.0357229438156872,-0.020291721895721593,-0.182420997152417,1
3.6900858283925397,-2.7407462678437993,-1.3104715749833313,3.1251623699272084,2.8772202109879004,0.46311840495842427,1.5072611252865937,-0.06266452353256337,0
0.12385120427831783,-0.19428723836601747,1.1477184091694148,1.4328084591606922,0.7042790760050429,0.7278984177997461,0.8299034242262824,-1.4689234636701936,1
-2.568770813144444,1.3617567626261704,1.671962759728216,0.2940098387160772,0.4319082139574574,-1.6786312520473716,0.2303930305158145,-0.05282800457476905,0
0.5992891435790046,2.9423085030513016,-2.6605492488818774,-2.437649983001574,-2.08697397076057,1.7903024364349904,0.43099876944657334,-0.5038467528248772,1
-0.054932536075435974,1.123551149127763,0.5675439503710217,0.14827529150972418,-0.6769026711367382,1.769516311542557,0.6969813124611774,-0.3500184545911409,1
2.1910314651778453,1.0750509542786642,-1.9825685055010533,-0.09832464443731836,1.3707826925629627,1.3247382414738547,2.9560776090663,-2.185296847334906,1
1.7026103919087747,0.09400043019544513,-1.6841104943590182,-1.9681369942261489,0.10823260368515926,1.1125231827378896,1.3956668311093532,0.1798310795379064,1
0.7678861673143322,-0.07973698732444223,0.11634559022777835,1.7560963011530841,0.42167290215436976,0.8955041043995979,0.4411288446918349,-0.682390994285895,1
-3.2040016555613837,2.4110175522245916,2.366160831554632,-0.612716480517556,-2.7372162764459227,0.9270521330491679,-1.450855300940902,0.3752169571571625,1
0.590205206742267,3.3383306885754767,-3.8708365619949014,-1.1751062518409547,-0.5514226857381711,-0.3472398569300229,0.824627764956923,-0.7065605788334728,1
2.9010617264092042,-1.8996297973341587,-0.5824837797893601,2.0250780739230025,4.3296843887345755,-0.2603360494271264,3.773198616979919,0.4667162340051821,0
0.6032249449452907,0.11506390086577967,-0.09856857464974911,3.0993118752624347,-0.24534396537451275,0.8511672788542847,-0.820235765739645,0.07477626792196859,1
-1.2541304026412066,0.8521648073282532,-0.2896315401146695,-0.7700052217855741,0.9382515393019341,-2.2733265358243946,0.5176774296703782,1.4644543122672997,1
-0.07389494377151333,0.2017827174342739,-0.7136915085249491,-0.2571158675049301,1.5558132579461699,-1.728581660915987,1.117772820255864,-0.5199750884075218,1
-1.2320230063552629,1.8152416007736636,1.0150878902890783,-0.421770595181141,-1.8983963280378249,1.679846586022058,-0.37046093313041717,-1.9180996005037925,0
-0.7787674232672209,1.8895665413889997,0.7699267000705526,3.4144708639172254,0.5376657903311503,0.305758888936996,0.6647897742159292,-0.7580853266871995,0
-1.1894811595323602,0.5591015679228901,1.4666061362407685,0.8628990108174166,-0.7271953160215304,0.4572448426435468,-0.5930330226187812,0.34494500154628505,1
-2.0673984107288934,1.2857407433129429,1.3668240939577154,0.8137271943719656,0.5358363274269093,-1.3605144849902073,0.31754988793616834,-0.5380372431374223,0
-2.2487218024435305,1.90807739022588,2.146298783626273,-0.27156872264812315,-2.1365481827931005,1.4602744078604892,-0.7365920148782445,-0.06957820892122617,1
2.4926884931033477,-0.07690288718292071,-1.2784318450762922,2.7681287809159603,1.4663588313902067,1.4318378764526818,1.6627408686266065,0.8593137911229725,0
-0.8923850658130755,3.4774615975154326,-2.9544844075468353,-0.80480425232553,-0.8131306435286006,-1.5283161317790896,-0.2048874135779961,-0.5555693479479282,1
3.204186227398527,-1.7391762274994247,-1.5719211609409833,1.866952094647408,3.2156911269985606,0.008689009925175295,2.564415832743084,-0.3285994380915563,0
-1.0374950999588815,-0.8018280448980635,2.081536408671919,2.2900148091056396,0.2833514542216365,-0.3949609736740032,-0.8916502679557663,-0.044743180762598096,1
0.11370104206709909,0.5442233755066338,-2.1088918723531087,-1.2940469730350364,0.3276333855692915,-1.8060276993712956,-0.08281099452027063,-0.47326504683304876,1
-0.3055964016835838,0.11312615007032545,1.001363705113398,2.5605342054421514,-0.08971716231781526,0.5093850920388582,-0.5653598914117048,-0.580143651502776,1
-1.004763959197951,0.6897169592227277,1.4475602427212266,2.6807403063067055,0.8907565737564518,-0.36682510284609704,0.44356871182420954,-0.8174008969073498,0
-2.075618373979602,-0.18465765325802064,2.8040810413430446,0.9130575480640687,-0.5248172420179835,-0.21165997635337486,-1.0100099486635163,-0.38024155593020326,1
-2.040087689662406,0.9084556246648117,1.9708749793995848,1.6637108394998323,-2.166799955361321,0.733904713520894,-2.351479992460866,0.2961848047310136,1
3.0768634744498393,-1.9028020595938107,-1.7391160781253505,2.8631547349158715,2.0130317227783623,0.19068706522390944,0.697797572602072,-1.7443307192782576,0
-0.1024827861897277,-0.4167860075678015,0.5386917328390672,0.11390474797110361,0.2211573284684061,-0.03880291675794101,0.059272575376084546,1.1535634286598602,0
-0.303312423459996,2.6822465897416943,-3.1335642358848785,-0.3400937264153201,0.173130383440931,-2.01946067528689,0.22270649025433042,-1.5531320533688295,0
-0.6103423896118193,0.40638235135739653,0.07974445883080561,1.1253094965979964,-2.1340844585688563,0.6688204897703548,-2.531527625990694,-2.3219564173418106,1
1.2065876773585298,-0.8004519754826218,-0.2654396100729337,0.1394371027774134,2.6547712920362647,-0.6313485952935174,2.591346637756212,0.923970458584404,0
-0.14138887427904462,0.3703920912738592,0.9840711658603792,0.4203850629872117,-0.41409672937645964,1.3384980668937703,0.3559485203978141,1.0518950572656043,1
-2.6636012726684615,3.161965515819399,0.8083006237652566,2.2683230039925775,-1.056848365021591,-0.6664722096057729,-0.9550537643734347,1.118457644847877,0
0.500486718874058,0.9114003663352501,0.8190450375155272,0.21900137958299593,1.7604067240906984,1.2140912797588541,3.3930845902228133,0.3535478631986765,1
-0.7767396819315162,1.5117564646616568,-0.1821112587136271,-1.303649870218914,-0.10701336392749271,-0.17856867973785828,0.9119933467094891,1.9571745336396382,1
-1.4786487630631568,0.21024288509664957,1.4274819404527037,-0.8084309430813434,2.001065886624847,-1.9262268792368438,1.908663926932384,1.1646652085015716,0
-1.8663976076804052,1.3954964383877941,1.9459274948745011,2.0616712219445104,-1.535624494202937,0.9036548991064479,-1.344594938109858,2.4100486494071336,1
-0.0666025613079024,-0.15508834269079486,0.6131305537659344,-0.3185315157242372,0.9118652221344542,-0.11703873244518226,1.1780476825518573,0.7803428116164461,0
-0.6977340218594533,0.9001763311542557,0.06644576292660798,0.4170454817757442,-2.0069937726458877,0.8511201053547488,-1.7845886849508366,-0.17769397711340018,1
1.4215342207220665,-2.489199784492886,0.9562300907480881,0.33627103641629996,3.932746034990601,-1.0287432022518659,3.2064713839936876,-0.8201768790460255,0
-0.5693330772022708,-0.6443660495664794,1.8004552797951539,2.0049714927778917,1.8298059386427274,-0.7956412098736119,1.0130465537693414,0.6297498783986742,0
0.8743382745280471,-0.4620539889445914,0.15323702364330116,2.01488789278918,1.955124390445245,-0.1810697633401681,1.5092911608203696,1.0445139862434607,0
1.6930710914398555,0.5312452195490713,-0.7307175857116679,-0.20507260109616576,1.8552497232502527,1.1722952175689199,3.348885518289058,-2.664332321074447,1
1.050426224239445,1.2149982370314505,-3.279314360547755,-1.3100618854954447,0.31471049781564253,-1.0518667385320943,0.592447594350352,0.15310199293432541,1
-0.4669096999191669,-0.5049579838784533,0.5986346011545233,1.6422557192316938,0.7988315056306017,-1.1350857424947443,-0.4019303268916692,0.7595464695780427,0
1.64997077166154,-0.44419195041201753,-0.6675121143887964,-0.6039799666593062,2.164709771957981,0.2939537900625733,2.9027583255838785,0.2666727637833204,1
-3.2635311297073812,2.6373063808822934,1.347998342221193,1.844779885548335,-1.3245504402614905,-1.2313239088341326,-1.702272864286797,-1.0219741103907962,0
-1.8631517434417135,2.3939910763731524,0.1591667628716661,0.5332639120510088,-0.048787933734868734,-1.1287847598983811,0.2474712173956669,0.3319425566668639,0
-0.8234648782581492,1.273325122629669,1.496496260270789,1.5313618227925776,-1.374124245428499,1.9662462666005531,-0.41973929220034323,-0.3653359530124707,1
0.8894576089443658,-2.0977100179509054,0.80799036061154,0.14942568614636653,3.2371342941288086,-1.3056464787056699,2.390603704570742,0.8465180917273377,0
